-- --------------------------------------------------------
-- Host:                         127.0.0.1
-- Server version:               8.4.3 - MySQL Community Server - GPL
-- Server OS:                    Win64
-- HeidiSQL Version:             12.8.0.6908
-- --------------------------------------------------------

/*!40101 SET @OLD_CHARACTER_SET_CLIENT=@@CHARACTER_SET_CLIENT */;
/*!40101 SET NAMES utf8 */;
/*!50503 SET NAMES utf8mb4 */;
/*!40103 SET @OLD_TIME_ZONE=@@TIME_ZONE */;
/*!40103 SET TIME_ZONE='+00:00' */;
/*!40014 SET @OLD_FOREIGN_KEY_CHECKS=@@FOREIGN_KEY_CHECKS, FOREIGN_KEY_CHECKS=0 */;
/*!40101 SET @OLD_SQL_MODE=@@SQL_MODE, SQL_MODE='NO_AUTO_VALUE_ON_ZERO' */;
/*!40111 SET @OLD_SQL_NOTES=@@SQL_NOTES, SQL_NOTES=0 */;


-- Dumping database structure for tienda_telefono
CREATE DATABASE IF NOT EXISTS `tienda_telefono` /*!40100 DEFAULT CHARACTER SET utf8mb4 COLLATE utf8mb4_0900_ai_ci */ /*!80016 DEFAULT ENCRYPTION='N' */;
USE `tienda_telefono`;

-- Dumping structure for table tienda_telefono.baja
CREATE TABLE IF NOT EXISTS `baja` (
  `id_baja` int(10) unsigned zerofill NOT NULL AUTO_INCREMENT,
  `id_telefono` int DEFAULT NULL,
  `fecha_baja` date DEFAULT NULL,
  `motivo` varchar(50) DEFAULT NULL,
  `id_color` int unsigned DEFAULT NULL,
  `activo` int DEFAULT '1',
  PRIMARY KEY (`id_baja`),
  KEY `FK_baja_telefono` (`id_telefono`),
  KEY `FK_baja_color` (`id_color`),
  CONSTRAINT `FK_baja_color` FOREIGN KEY (`id_color`) REFERENCES `color` (`id_color`) ON DELETE CASCADE ON UPDATE CASCADE,
  CONSTRAINT `FK_baja_telefono` FOREIGN KEY (`id_telefono`) REFERENCES `telefono` (`id_telefono`) ON DELETE CASCADE ON UPDATE CASCADE
) ENGINE=InnoDB AUTO_INCREMENT=114141455 DEFAULT CHARSET=utf8mb4 COLLATE=utf8mb4_0900_ai_ci;

-- Dumping data for table tienda_telefono.baja: ~4 rows (approximately)
INSERT IGNORE INTO `baja` (`id_baja`, `id_telefono`, `fecha_baja`, `motivo`, `id_color`, `activo`) VALUES
	(0114141449, 111129, '2026-05-04', 'Pantalla estrellada', NULL, 0),
	(0114141452, 111146, '2026-05-06', 'No funciona de la pantalla', NULL, 1),
	(0114141453, 111142, '2026-06-12', 'No prende ', NULL, 1),
	(0114141454, 111145, '2026-06-12', 'Falla en los botones de subir y bajar volumen', NULL, 1);

-- Dumping structure for table tienda_telefono.color
CREATE TABLE IF NOT EXISTS `color` (
  `id_color` int unsigned NOT NULL AUTO_INCREMENT,
  `nombre_color` varchar(50) DEFAULT NULL,
  `activo` int DEFAULT '1',
  PRIMARY KEY (`id_color`)
) ENGINE=InnoDB AUTO_INCREMENT=3443412230 DEFAULT CHARSET=utf8mb4 COLLATE=utf8mb4_0900_ai_ci;

-- Dumping data for table tienda_telefono.color: ~25 rows (approximately)
INSERT IGNORE INTO `color` (`id_color`, `nombre_color`, `activo`) VALUES
	(344341, 'dddd', 0),
	(444441, 'verde', 0),
	(22222222, 'dddd', 0),
	(34434122, 'Verde ', 0),
	(344341224, 'dddd1133', 0),
	(344341226, 'dddd11ee', 0),
	(1212111212, 'Azul', 0),
	(3443412211, 'dddd11', 0),
	(3443412212, 'rojo23', 0),
	(3443412214, 'amarillo ', 0),
	(3443412215, 'amarillo ', 0),
	(3443412216, 'amarillo ', 0),
	(3443412217, 'amarillo ', 0),
	(3443412218, 'amarillo ', 0),
	(3443412219, 'amarillo ', 0),
	(3443412220, 'amarillo ', 0),
	(3443412221, 'amarillo ', 0),
	(3443412222, 'cafe', 0),
	(3443412223, 'cafe', 0),
	(3443412224, 'amarillo ', 0),
	(3443412225, 'amarillo ', 0),
	(3443412226, 'Azul', 1),
	(3443412227, 'Negro', 1),
	(3443412228, 'Verde', 1),
	(3443412229, 'Amarillo', 1);

-- Dumping structure for table tienda_telefono.marca
CREATE TABLE IF NOT EXISTS `marca` (
  `id_marca` int(10) unsigned zerofill NOT NULL AUTO_INCREMENT,
  `nombre` varchar(50) DEFAULT NULL,
  `activo` int DEFAULT '1',
  PRIMARY KEY (`id_marca`)
) ENGINE=InnoDB AUTO_INCREMENT=3343300037 DEFAULT CHARSET=utf8mb4 COLLATE=utf8mb4_0900_ai_ci;

-- Dumping data for table tienda_telefono.marca: ~36 rows (approximately)
INSERT IGNORE INTO `marca` (`id_marca`, `nombre`, `activo`) VALUES
	(0000000001, 'sssa', 0),
	(0000000002, 'Jorgearizmendi', 0),
	(0000000005, 'Jorge', 0),
	(0000005555, 'Jorgeaaa', 0),
	(0000033433, 'Jorge', 0),
	(0000555566, 'Apple22', 0),
	(0002323234, 'nokia', 0),
	(0003343322, 'Jorge', 0),
	(0023232341, 'oppo', 0),
	(0033433000, 'Jorge', 0),
	(0055556633, 'Jorgeaaaye', 0),
	(0334330001, 'Jorge', 0),
	(0334332221, 'aaa', 0),
	(0334335554, 'sssai', 0),
	(0334335555, 'Jorge223', 0),
	(1212121212, 'Samsung', 0),
	(3343300012, 'Jorge22', 0),
	(3343300013, 'Jorgeariz', 0),
	(3343300014, 'pedro242', 0),
	(3343300019, 'Apple', 0),
	(3343300020, 'Apple', 0),
	(3343300021, 'Apple', 0),
	(3343300022, 'Apple', 0),
	(3343300023, 'Apple', 0),
	(3343300024, 'Apple', 0),
	(3343300025, 'Apple', 0),
	(3343300026, 'Apple', 0),
	(3343300027, 'Apple', 0),
	(3343300028, 'Redmi', 0),
	(3343300029, 'Redmi', 0),
	(3343300031, 'ttttt', 0),
	(3343300032, 'Oppo', 1),
	(3343300033, 'Nokia', 1),
	(3343300034, 'Honor', 1),
	(3343300035, 'Motorola', 1),
	(3343300036, 'Samsung', 1);

-- Dumping structure for table tienda_telefono.modelo
CREATE TABLE IF NOT EXISTS `modelo` (
  `id_modelo` int NOT NULL AUTO_INCREMENT,
  `nombre` varchar(50) DEFAULT NULL,
  `id_marca` int(10) unsigned zerofill NOT NULL,
  `activo` int DEFAULT '1',
  PRIMARY KEY (`id_modelo`) USING BTREE,
  KEY `id_marca` (`id_marca`),
  CONSTRAINT `FK_modelo_marca` FOREIGN KEY (`id_marca`) REFERENCES `marca` (`id_marca`)
) ENGINE=InnoDB AUTO_INCREMENT=111111156 DEFAULT CHARSET=utf8mb4 COLLATE=utf8mb4_0900_ai_ci;

-- Dumping data for table tienda_telefono.modelo: ~16 rows (approximately)
INSERT IGNORE INTO `modelo` (`id_modelo`, `nombre`, `id_marca`, `activo`) VALUES
	(92323, 'Jorge22', 0334332221, 0),
	(555555, 'ZTE', 1212121212, 0),
	(1111111, 'Jorge233', 0000555566, 0),
	(1112222, 'motorola', 0023232341, 0),
	(33333555, 'lg', 0002323234, 0),
	(111111144, 'Jorge2312', 3343300012, 0),
	(111111145, 'i55', 3343300014, 0),
	(111111146, 'ZTEXD', 1212121212, 0),
	(111111148, 'Redmi', 3343300028, 0),
	(111111149, 'Galaxy S', 3343300036, 1),
	(111111150, 'Galaxy Z', 3343300036, 1),
	(111111151, ' Motorola Edge', 3343300035, 1),
	(111111152, 'Edge 60 Fusion', 3343300035, 1),
	(111111153, 'Magic8 Pro', 3343300034, 1),
	(111111154, '400 Pro', 3343300034, 1),
	(111111155, 'Magic8 ', 3343300034, 1);

-- Dumping structure for table tienda_telefono.precio
CREATE TABLE IF NOT EXISTS `precio` (
  `id_precio` int NOT NULL AUTO_INCREMENT,
  `precio_nuevo` decimal(10,2) NOT NULL DEFAULT '0.00',
  `id_telefono` int DEFAULT NULL,
  `precio_anterior` decimal(10,2) NOT NULL DEFAULT '0.00',
  `fecha_cambio` datetime NOT NULL,
  `activo` int DEFAULT '1',
  PRIMARY KEY (`id_precio`),
  KEY `FK_precio_telefono` (`id_telefono`),
  CONSTRAINT `FK_precio_telefono` FOREIGN KEY (`id_telefono`) REFERENCES `telefono` (`id_telefono`) ON DELETE CASCADE ON UPDATE CASCADE
) ENGINE=InnoDB AUTO_INCREMENT=19 DEFAULT CHARSET=utf8mb4 COLLATE=utf8mb4_0900_ai_ci;

-- Dumping data for table tienda_telefono.precio: ~18 rows (approximately)
INSERT IGNORE INTO `precio` (`id_precio`, `precio_nuevo`, `id_telefono`, `precio_anterior`, `fecha_cambio`, `activo`) VALUES
	(1, 5000.00, 111137, 0.00, '2026-05-06 00:00:00', 0),
	(2, 2222222.00, 111140, 33333.00, '2026-06-26 00:00:00', 0),
	(3, 555555.00, 13131, 2.00, '2026-06-11 00:00:00', 0),
	(4, 1111111.00, 13131, 2.00, '2026-06-11 00:00:00', 0),
	(5, 4444444.00, 111124, 0.00, '2026-05-07 00:00:00', 0),
	(6, 11111111.00, 13131, 2.00, '2026-06-11 00:00:00', 0),
	(7, 11111111.00, 13131, 2.00, '2026-06-11 00:00:00', 0),
	(8, 22222222.00, 111123, 0.00, '2026-06-12 00:00:00', 0),
	(9, 11111111.00, 13131, 2.00, '2026-06-11 00:00:00', 0),
	(10, 11111111.00, 111137, 11111111.00, '2026-06-12 00:00:00', 0),
	(11, 3000.00, 111141, 0.00, '2026-06-11 20:01:34', 0),
	(12, 1000.00, 111141, 1000.00, '2026-06-12 00:00:00', 0),
	(13, 3000.00, 111142, 0.00, '2026-06-11 22:10:55', 0),
	(14, 5000.00, 111143, 2000.00, '2026-06-11 00:00:00', 1),
	(15, 7000.00, 111144, 3000.00, '2026-06-11 00:00:00', 1),
	(16, 5000.00, 111145, 5000.00, '2026-06-11 00:00:00', 1),
	(17, 3500.00, 111146, 3000.00, '2026-06-11 00:00:00', 1),
	(18, 3000.00, 111146, 3000.00, '2026-06-12 00:00:00', 1);

-- Dumping structure for table tienda_telefono.telefono
CREATE TABLE IF NOT EXISTS `telefono` (
  `id_telefono` int NOT NULL AUTO_INCREMENT,
  `id_modelo` int DEFAULT NULL,
  `IMEI` varchar(50) DEFAULT NULL,
  `id_color` int(100) unsigned zerofill NOT NULL,
  `precio_actual` decimal(10,2) NOT NULL DEFAULT '0.00',
  `fecha_registro` date DEFAULT NULL,
  `estado` varchar(50) DEFAULT NULL,
  `activo` int DEFAULT '1',
  PRIMARY KEY (`id_telefono`) USING BTREE,
  UNIQUE KEY `IMEI` (`IMEI`),
  KEY `FK_telefono_color` (`id_color`),
  KEY `FK_telefono_modelo` (`id_modelo`),
  CONSTRAINT `FK_telefono_color` FOREIGN KEY (`id_color`) REFERENCES `color` (`id_color`) ON DELETE CASCADE ON UPDATE CASCADE,
  CONSTRAINT `FK_telefono_modelo` FOREIGN KEY (`id_modelo`) REFERENCES `modelo` (`id_modelo`) ON DELETE CASCADE ON UPDATE CASCADE
) ENGINE=InnoDB AUTO_INCREMENT=111147 DEFAULT CHARSET=utf8mb4 COLLATE=utf8mb4_0900_ai_ci;

-- Dumping data for table tienda_telefono.telefono: ~23 rows (approximately)
INSERT IGNORE INTO `telefono` (`id_telefono`, `id_modelo`, `IMEI`, `id_color`, `precio_actual`, `fecha_registro`, `estado`, `activo`) VALUES
	(1111, 92323, '416624561549583', 0000000000000000000000000000000000000000000000000000000000000000000000000000000000000000001212111212, 0.00, '2026-04-01', 'dañado', 0),
	(11112, 1111111, '513150987841002', 0000000000000000000000000000000000000000000000000000000000000000000000000000000000000000000022222222, 0.00, '2026-04-30', 'vendido', 0),
	(13131, 111111146, '468337495306233', 0000000000000000000000000000000000000000000000000000000000000000000000000000000000000000003443412214, 555555.00, '2026-04-30', 'En venta', 0),
	(111122, 1111111, '981733350432111', 0000000000000000000000000000000000000000000000000000000000000000000000000000000000000000000344341226, 0.00, '2026-04-30', 'vendido', 0),
	(111123, 111111145, '490333861009563', 0000000000000000000000000000000000000000000000000000000000000000000000000000000000000000001212111212, 0.00, '2026-04-23', 'vendido', 0),
	(111124, 111111145, '285844572216470', 0000000000000000000000000000000000000000000000000000000000000000000000000000000000000000003443412212, 0.00, '2026-05-03', 'En buen estado', 0),
	(111126, 555555, '435345739052315', 0000000000000000000000000000000000000000000000000000000000000000000000000000000000000000001212111212, 0.00, '2026-05-03', 'En buen estado', 0),
	(111127, 1112222, '213302370031107', 0000000000000000000000000000000000000000000000000000000000000000000000000000000000000000003443412212, 0.00, '2026-05-03', 'En venta', 0),
	(111128, 111111144, '549742999474467', 0000000000000000000000000000000000000000000000000000000000000000000000000000000000000000000000444441, 0.00, '2026-05-03', 'Vendido', 0),
	(111129, 1112222, '603392012717957', 0000000000000000000000000000000000000000000000000000000000000000000000000000000000000000003443412212, 0.00, '2026-05-03', 'Vendido', 0),
	(111132, 1112222, '101120396104312', 0000000000000000000000000000000000000000000000000000000000000000000000000000000000000000000000444441, 0.00, '2026-05-03', 'Vendido', 0),
	(111135, 555555, '207601351227597', 0000000000000000000000000000000000000000000000000000000000000000000000000000000000000000003443412218, 0.00, '2026-05-06', 'Dañado', 0),
	(111136, 555555, '223674440968006', 0000000000000000000000000000000000000000000000000000000000000000000000000000000000000000003443412218, 0.00, '2026-05-06', 'Dañado', 0),
	(111137, 1112222, '737917746352004', 0000000000000000000000000000000000000000000000000000000000000000000000000000000000000000003443412223, 0.00, '2026-05-06', 'Dañado', 0),
	(111138, 92323, '764072679750415', 0000000000000000000000000000000000000000000000000000000000000000000000000000000000000000003443412220, 0.00, '2026-06-11', 'Dañado / Defectuoso', 0),
	(111139, 92323, '241221440479928', 0000000000000000000000000000000000000000000000000000000000000000000000000000000000000000003443412223, 0.00, '2026-06-11', 'En venta', 0),
	(111140, 92323, '511731586943700', 0000000000000000000000000000000000000000000000000000000000000000000000000000000000000000003443412222, 444444.00, '2026-06-12', 'En venta', 0),
	(111141, 92323, '424653672196651', 0000000000000000000000000000000000000000000000000000000000000000000000000000000000000000003443412212, 3000.00, '2026-06-12', 'En venta', 0),
	(111142, 111111155, '571957926629622', 0000000000000000000000000000000000000000000000000000000000000000000000000000000000000000003443412228, 3000.00, '2026-06-12', 'Dañado / Defectuoso', 1),
	(111143, 111111152, '427290175902946', 0000000000000000000000000000000000000000000000000000000000000000000000000000000000000000003443412228, 5000.00, '2026-06-12', 'En venta', 1),
	(111144, 111111152, '771543993400571', 0000000000000000000000000000000000000000000000000000000000000000000000000000000000000000003443412226, 7000.00, '2026-06-12', 'Dañado / Defectuoso', 1),
	(111145, 111111150, '311408559312472', 0000000000000000000000000000000000000000000000000000000000000000000000000000000000000000003443412229, 5000.00, '2026-06-12', 'En venta', 1),
	(111146, 111111153, '993499841384713', 0000000000000000000000000000000000000000000000000000000000000000000000000000000000000000003443412227, 3500.00, '2026-06-12', 'En venta', 1);

-- Dumping structure for table tienda_telefono.venta
CREATE TABLE IF NOT EXISTS `venta` (
  `id_venta` int NOT NULL AUTO_INCREMENT,
  `id_telefono` int DEFAULT NULL,
  `fecha_venta` date DEFAULT NULL,
  `cliente` varchar(150) DEFAULT NULL,
  `tipo_pago` varchar(50) DEFAULT NULL,
  `activo` int DEFAULT '1',
  PRIMARY KEY (`id_venta`),
  KEY `FK_venta_telefono` (`id_telefono`),
  CONSTRAINT `FK_venta_telefono` FOREIGN KEY (`id_telefono`) REFERENCES `telefono` (`id_telefono`) ON DELETE CASCADE ON UPDATE CASCADE
) ENGINE=InnoDB AUTO_INCREMENT=14 DEFAULT CHARSET=utf8mb4 COLLATE=utf8mb4_0900_ai_ci;

-- Dumping data for table tienda_telefono.venta: ~10 rows (approximately)
INSERT IGNORE INTO `venta` (`id_venta`, `id_telefono`, `fecha_venta`, `cliente`, `tipo_pago`, `activo`) VALUES
	(3, 1111, '2026-04-30', NULL, NULL, 0),
	(5, 111136, '2026-05-22', NULL, NULL, 0),
	(6, 111137, '2026-05-06', NULL, NULL, 0),
	(7, 13131, '2026-06-11', NULL, NULL, 0),
	(8, 111124, '2026-06-11', NULL, NULL, 0),
	(9, 13131, '2026-06-12', NULL, NULL, 0),
	(10, 111146, '2026-06-12', 'Miguel Mendez', 'Contado', 1),
	(11, 111145, '2026-06-12', 'Jorge Arizmendi', 'Crédito', 1),
	(12, 111146, '2026-06-12', 'Monica Gomez', 'Contado', 1),
	(13, 111144, '2026-06-12', 'Luis Hernandez', 'Crédito', 1);

/*!40103 SET TIME_ZONE=IFNULL(@OLD_TIME_ZONE, 'system') */;
/*!40101 SET SQL_MODE=IFNULL(@OLD_SQL_MODE, '') */;
/*!40014 SET FOREIGN_KEY_CHECKS=IFNULL(@OLD_FOREIGN_KEY_CHECKS, 1) */;
/*!40101 SET CHARACTER_SET_CLIENT=@OLD_CHARACTER_SET_CLIENT */;
/*!40111 SET SQL_NOTES=IFNULL(@OLD_SQL_NOTES, 1) */;
